,Sector_1,Sector_2,Sector_3,Sector_4,Sector_5,Sector_6,Sector_7,Sector_8,Sector_9,Sector_10,Sector_11,Sector_12,Sector_13,Sector_14,Sector_15,Sector_16,Sector_17,Sector_18,Sector_19,Sector_20,Sector_21,Sector_22,Sector_23,Sector_24,Sector_25,Sector_26,Sector_27,Sector_28,Sector_29,Sector_30,Sector_31,Sector_32,Sector_33,Sector_34,Sector_35,Sector_36,Sector_37,Sector_38,Sector_39,Sector_40,Sector_41,Sector_42,Sector_43,Sector_44,Sector_45,Sector_46,Sector_47,Sector_48,Sector_49,Sector_50,Sector_51,Sector_52,Sector_53,Sector_54,Sector_55,Sector_56,Sector_57,Sector_58,Sector_59,Sector_60,Sector_61,Sector_62
Sector_1,298.8804668793085,0.5309102774415118,0.0,2.233737711078803,132.31164886652974,3.3591696356091965,4.04666174602885,0.9859762295342361,0.11254319245303936,51.05546391543533,46.247912324778326,1.027568278919055,6.432088107805227,1.5658183297814172,0.0,10.478749853834076,0.0,0.6703659724376693,1.012888732077354,0.09541705447105511,0.0,0.31071707481599997,60.11274431676471,22.843821476826708,1.12298533339011,0.9125784953257321,6.872474513056251,4.42099019049222,36.601003458640626,2.7842207176425826,2.622745702383874,0.13456251271559055,0.07829091648907086,2.0453501932769758,1.0153353232176376,0.9419375890091337,0.2862511634131653,0.06361136964737008,2.5884934264199053,0.061164778507086605,25.29285920825045,3.6380810256015113,0.044038640525102354,4.827124319779275,2.5640275150170706,1.4899740044326297,0.0,0.716851204103055,27.02015255329058,13.358387625947715,0.09786364561133858,0.10031023675162203,3.8484878636658895,0.2691250254311811,0.3963477647259212,0.0,0.0,0.0,0.0,0.06605796078765354,0.29603752797429916,0.0
Sector_2,0.0,222.78658923421224,0.0,0.18104774438097634,0.1590284241184252,0.2544454785894803,0.0,0.24221252288806294,0.012232955701417322,6.79418359656718,0.9639569092716849,0.0,0.08318409876963778,0.0,0.0,2.5322218301933854,0.0,0.026912502543118107,0.0342522759639685,0.0,0.0,0.022019320262551177,15.161525296336627,1.4190228613644091,0.07584432534878739,0.1296693304350236,7.706762091892912,0.2862511634131653,1.6416626551302045,0.5700557356860472,0.0,0.009786364561133857,0.05627159622651968,0.2617852520103307,0.11009660131275589,0.1786011532406929,0.026912502543118107,0.0048931822805669285,0.21530002034494486,0.2177466114852283,2.4808434162474327,0.3572023064813858,0.009786364561133857,0.7241909775239054,0.7315307509447558,1.1572376093540786,0.0,0.18594092666154327,0.48197845463584243,4.176331076463874,0.2324261583269291,0.012232955701417322,0.3963477647259212,0.06361136964737008,0.07584432534878739,0.0024465911402834642,0.0,0.0,0.0,0.014679546841700785,0.09786364561133858,0.014679546841700785
Sector_3,0.0,0.0,0.9761898649731022,0.036698867104251964,1.534012644957732,0.07829091648907086,0.08563068990992125,0.022019320262551177,0.0048931822805669285,0.18104774438097634,0.022019320262551177,0.0,0.07829091648907086,0.1492420595572913,0.0,0.061164778507086605,0.0,0.06361136964737008,0.0,0.0,0.0,0.0048931822805669285,0.3474159419202519,0.37432844446337005,0.022019320262551177,0.0048931822805669285,0.8538603079589291,0.11254319245303936,0.5406966420026456,0.022019320262551177,0.061164778507086605,0.0,0.009786364561133857,0.012232955701417322,0.024465911402834644,0.036698867104251964,0.009786364561133857,0.0,0.04648523166538582,0.007339773420850393,0.11988296587388975,0.068504551927937,0.0024465911402834642,0.1492420595572913,0.19572729122267715,0.04893182280566929,0.0,0.0,0.0,0.2691250254311811,0.014679546841700785,0.0024465911402834642,0.04893182280566929,0.0048931822805669285,0.019572729122267714,0.0,0.0,0.0,0.0,0.0024465911402834642,0.014679546841700785,0.0
Sector_4,0.0,0.0,0.0,71.41110220259375,0.0,0.13456251271559055,1.4263626347852596,0.9419375890091337,0.068504551927937,9.813277063676974,10.449390760150676,0.0,1.8594092666154327,0.7486568889267401,1.945039956525354,1.3945569499615746,0.0,0.0,5.348248232659652,0.0,0.0,0.08807728105020471,9.363104293864819,22.45236689438135,0.14679546841700786,0.5822886913874644,11.205387422498266,0.8832194016423306,5.832673278435778,0.17615456210040942,18.038716477309983,0.7633364357684409,0.2275329760463622,7.765480279259715,0.7217443863836219,1.2306353435625825,0.22019320262551179,0.07584432534878739,1.3480717182961888,1.4410421816269603,5.399626646605606,1.3382853537350548,0.1296693304350236,7.53550071207307,8.117789403460534,13.573687646292658,0.0,3.2466264431561567,0.5627159622651967,2.0380104198561257,2.473503642826582,0.07095114306822045,1.3774308119795904,0.05627159622651968,1.0373546434801888,0.20796024692409446,0.0,0.0,0.014679546841700785,0.33273639507855113,0.2104068380643779,0.20306706464352753
Sector_5,882.8230538776047,1.7395263007415431,2.3218149921290077,4.927434556530897,605.7881992898872,3.1830150735087868,4.964133423635149,81.39808723723085,2.334047947830425,20.739753096182923,86.57507409007067,12.365071622992629,102.61003242348848,17.351224366890328,1.5462456006591494,54.042751697721435,0.0,0.2617852520103307,7.838878013468219,0.022019320262551177,0.0,0.584735282527748,29.019017514902167,64.17653220077555,2.9921809645666766,5.805760775892661,45.36469292313599,7.616238219702423,191.1325930612248,6.608242669905637,115.19285065796635,2.091835424942362,10.55948736146343,44.11937803273171,4.785532270394456,27.27704462302034,7.508588209529952,2.6178525201033067,8.98388266712088,17.495573244167055,53.876383500182165,7.767926870399998,1.1450046536526612,29.40068573278639,115.57451887585056,8.386914428891716,0.0,111.98047649077415,13.847705854004408,10.765001017247242,5.030191384422802,0.716851204103055,28.12356515755842,1.4361489993463936,1.9572729122267714,1.8104774438097635,0.0,0.0,0.5382500508623622,2.243524075639937,1.7272933450401255,0.4672989077941416
Sector_6,2.331601356690141,0.11009660131275589,0.0,0.0342522759639685,22.337377110788026,208.66731176363638,0.6189875584917164,3.9439049181369445,0.35964889762166924,1.7419728918818265,65.1894209328529,0.0,8.254798507316409,1.80803085266948,0.0,2.698590027732661,0.0,0.0,1.844729719773732,0.0,0.0,1.9646126856476216,1.4092364968032753,10.85552488943773,0.6532398344556849,0.9786364561133857,7.124473400505448,0.41347390270790546,37.06585577529448,0.1712613798198425,11.254319245303936,0.34496935077996843,1.2771205752279682,3.2466264431561567,0.8416273522575116,2.4172320466000627,1.2942467132099527,0.14434887727672438,1.56092514750085,2.0429036021366924,8.641359907481196,0.8978989484840313,0.19083410894211023,8.022372348989478,13.368173990508849,0.6825989281390865,0.0,5.176986852839811,1.1621307916346455,1.3823239942601573,0.8514137168186455,0.11009660131275589,2.3634070415138266,0.21285342920466138,0.20306706464352753,0.15413524183785823,0.0,0.0,0.026912502543118107,0.3694352621828031,0.051378413945952744,4.403864052510236
Sector_7,0.0,245.35149932104665,0.0,0.16392160639899211,0.0,0.0342522759639685,456.36019880593426,38.83474116971942,0.16636819753927556,9.475647486317856,39.89656172460245,0.0,9.333745200181415,16.233132215780785,4.900522053987779,17.285166406102675,0.0,0.0,4.638736801977449,0.0,0.0,0.02935909368340157,8.99856221396258,33.93911229801221,0.42570685840932276,10.950941943908786,38.23777293149026,3.611168523058393,123.13448549932647,1.0153353232176376,79.04446656027815,1.8422831286334487,1.8594092666154327,25.64516833245127,1.323605806893354,3.961031056118929,0.9982091852356534,0.12477614815445667,2.4539309137043146,0.5504830065637795,20.636996268291018,3.3028980393826766,0.4232602672690393,10.791913519790361,24.563775048445983,0.479531863495559,0.0,5.658965307475652,1.666128566533039,3.6136151141986765,2.6056195644018896,0.16392160639899211,3.2882184925409756,0.2544454785894803,0.8685398548006298,0.2299795671866456,0.0,0.0,0.02935909368340157,0.47463868121499203,0.0,0.08807728105020471
Sector_8,0.0,87.91825262608629,0.0,19.120109761315273,4.518853836103558,6.791737005426897,9.9576259409537,272.4156905148623,3.29800485710211,2.8698514075525035,102.01795736753989,0.0,11.303251068109605,0.1981738823629606,5.3506948237999366,0.22019320262551179,0.0,0.0,3.036219605091779,0.0,0.0,0.02935909368340157,16.06676401824151,89.71160393191407,0.3131636659562834,78.67992448037592,15.433096912908091,0.4012409470064881,79.46528023640693,0.2250863849060787,75.25469688397907,2.8184729936065507,1.6318762905690707,21.087169038103177,1.3211592157530707,2.5346684213336688,0.8000353028726928,0.1419022861364409,2.446591140283464,7.491462071547968,18.29805513818003,3.0484525607931965,0.4085807204273385,4.9103084185489125,24.355814801521884,5.017958428721386,0.0,5.6760914454576366,3.0117536936889446,8.440739433977951,0.8024818940129762,0.13945569499615745,6.950765429545322,0.31561025709656687,1.0079955497967872,0.2593386608700472,0.0,0.0,0.02935909368340157,0.5504830065637795,0.0,0.10520341903218895
Sector_9,0.0024465911402834642,0.0,0.0,0.009786364561133857,0.09052387219048817,0.4208136761287558,0.9125784953257321,116.00511891654045,28.316845857640814,1.2379751169834328,15.944434461227337,0.0,17.446641421361385,0.0,0.7755693914698581,0.5235705040206614,0.8293943965560944,0.0,4.112719706816503,0.0,0.0,0.4672989077941416,5.057103886965921,6.194768767197732,0.22263979376579526,0.3572023064813858,8.42605988713625,0.4501727698121574,28.422049276673004,0.2250863849060787,10.500769174096629,0.17370797096012594,0.45751254323300783,3.794662858579653,1.969505867928189,0.5627159622651967,77.5740652849678,1.0349080523399055,3.647867390162645,1.2110626144403147,6.99235747893014,0.8636466725200628,0.12232955701417321,7.699422318472061,15.198224163440878,0.24221252288806294,0.0,7.462102977864566,2.192145661693984,5.492597109936377,7.457209795583999,0.022019320262551177,5.044870931264503,0.2275329760463622,0.17370797096012594,0.04648523166538582,0.0,0.0,0.036698867104251964,0.37188185332308654,0.1981738823629606,0.014679546841700785
Sector_10,0.0,0.0,0.0,724.14449229224,0.012232955701417322,0.11743637473360628,0.0048931822805669285,0.09297046333077164,0.0342522759639685,33.73849182450897,42.012863060947645,0.0,0.8514137168186455,0.0,0.0,0.29603752797429916,0.0,0.0,0.0,0.0,0.0,0.0,11.13688287057033,0.4012409470064881,0.03914545824453543,0.1981738823629606,16.47779132980913,0.11254319245303936,10.04325663086362,0.022019320262551177,16.585441339981607,1.2379751169834328,0.31561025709656687,5.367820961781921,0.2299795671866456,0.3841148090245039,0.024465911402834644,0.29603752797429916,0.42570685840932276,0.0,11.369309028897257,0.7731228003295747,0.10031023675162203,2.8160264024662673,3.9365651447160936,5.857139189838613,0.0,2.935909368340157,0.5431432331429291,0.5088909571789606,0.6214341496319999,0.019572729122267714,1.0349080523399055,0.05627159622651968,0.2275329760463622,0.04159204938481889,0.0,0.0,0.01712613798198425,0.05627159622651968,0.06605796078765354,0.08318409876963778
Sector_11,9.742325920608755,3.4496935077996844,0.0,217.6022626079516,51.96314922848049,0.0024465911402834642,2.877191180973354,76.88901976568843,0.2911443456937322,17.64236871258406,1738.6161688373575,0.0,32.61795308225914,2.187252479413417,6.801523369988031,5.984361929133353,0.0,0.0,1.5095467335548973,0.0,0.0,1.0202285054982045,15.831891268774296,105.4040395056922,2.7279491214160627,1.3798774031198737,22.787549880600185,1.1914898853180471,108.5552488943773,0.31561025709656687,57.90102592594846,1.2477614815445666,3.4814991926233696,17.15549707566765,1.4557217284686612,5.377607326343054,2.108961562924346,0.2177466114852283,2.6765707074701095,2.2068252085356845,24.876938714402264,2.2068252085356845,0.3205034393771338,4.814891364077858,31.77143254772107,6.85779496621455,0.0,17.280273223822107,0.20796024692409446,44.94877242928781,0.7241909775239054,0.2177466114852283,3.762857173755968,0.20062047350324405,1.0813932840052911,0.09786364561133858,0.0,0.0,0.09052387219048817,0.5235705040206614,0.0048931822805669285,0.026912502543118107
Sector_12,0.8147148497143936,0.3400761684994015,0.0,0.04648523166538582,10.393119163924155,0.0,0.009786364561133857,12.898428491574423,0.11988296587388975,0.8660932636603463,57.62700771823671,140.58602010296843,10.772340790668093,7.317754100587841,0.16147501525870864,1.3774308119795904,0.0,0.0,3.6821196661266136,0.0,0.0,0.044038640525102354,4.376951549967117,14.371276358025069,0.4452795875315905,0.33273639507855113,7.21744386383622,0.0,34.12749981581405,0.04648523166538582,4.4552424664561885,0.137009103855874,0.8660932636603463,1.1254319245303934,0.6410068787542677,2.1945922528342674,1.2159557967208816,0.19083410894211023,1.18659670303748,0.675259154718236,7.119580218224881,0.8049284851532598,0.16147501525870864,0.24955229630891335,14.503392279600376,1.1523444270735117,0.0,5.563548253004597,1.032461461199622,15.376825316681574,0.35230912420081884,0.08563068990992125,1.9230206362628028,0.12232955701417321,0.36454207990223614,0.061164778507086605,0.0,0.0,0.04648523166538582,0.28869775455344876,0.0,0.009786364561133857
Sector_13,7.210104090415369,0.0,0.0,0.7559966623475904,1.1254319245303934,16.027618559996974,4.440562919614488,15.208010528002013,0.2593386608700472,3.209927576051905,294.163439160842,0.20062047350324405,92.7111246699016,17.18240957821077,11.714278379677227,13.91376381479206,1.6367694728496376,0.0,7.011930208052409,0.0,0.19572729122267715,0.0,4.868716369164093,22.821802156564154,0.3131636659562834,43.7205836768655,15.861250362457698,0.9321512244479999,63.8878344462221,0.0,29.882664187422233,0.5602693711249133,2.064922922399244,9.140464500099021,1.3872171765407242,2.133427474327181,0.20306706464352753,0.18349433552125982,2.5689206972976373,4.019749243485732,12.749186432017131,1.8936615425794014,0.21530002034494486,13.304562620861478,23.01018967436598,6.54707789139855,0.0,8.112896221179966,0.0,6.361136964737007,0.10275682789190549,0.11254319245303936,3.3004514482423932,0.1712613798198425,0.305823892535433,0.19572729122267715,0.0,0.0,0.03914545824453543,0.41347390270790546,0.0,0.068504551927937
Sector_14,0.0048931822805669285,0.1492420595572913,0.0,85.63313650106153,0.2544454785894803,9.536812264824942,4.156758347341605,12.58526482561814,0.1296693304350236,28.683834528683334,51.084823009118736,0.0,34.125053224673756,182.51080588286587,11.02433967811729,9.969858896655117,0.0,0.0,3.55245033569159,0.0,0.0,1.269780801807118,7.635810948824692,54.51983697007672,0.3302898039382677,7.743460958997164,37.88301721614916,4.7439402210096375,56.17128598976806,0.5284636863012283,67.49410978699993,1.2208489790014487,4.337806091722582,20.881655382319366,1.507100142414614,4.137185618219338,0.2177466114852283,0.08563068990992125,2.794007082203716,4.9714731970559995,18.05828920643225,3.5230912420081886,0.43304663183017317,14.799429807574676,32.45892465814072,0.3009307102548661,0.0,6.41251537868296,0.1712613798198425,8.169167817406487,3.214820758332472,0.20062047350324405,6.346457417895307,0.5113375483192439,0.5211239128803778,0.13456251271559055,0.0,0.0,0.044038640525102354,0.6385602876139841,0.0,0.137009103855874
Sector_15,0.0,0.009786364561133857,0.0,212.0069086701233,0.007339773420850393,2.0844956515215114,3.5451105622707395,1.4899740044326297,0.31071707481599997,143.19653284965088,6.104244895007243,0.0,5.079123207228472,10.405352119625574,1143.5464853330523,92.6059212508694,0.0,0.0,8.046838260392313,0.0,0.0,0.0,11.183368102235715,134.6114445383962,0.8024818940129762,228.4626806796699,29.42270505304894,0.8245012142755275,89.04613114175696,0.342522759639685,60.071152267379894,8.477438301082204,3.1389764329836845,20.51711330241713,2.0306706464352753,6.111584668428094,0.2911443456937322,0.37188185332308654,3.7604105826156844,6.439427881226078,33.81678274099804,3.5793628382347085,0.6214341496319999,11.782782931605162,32.05523711999395,14.990263916516787,0.0,14.716245708805037,0.1296693304350236,1.2991398954905193,10.317274838575369,0.31071707481599997,5.453451651691841,0.31561025709656687,1.8422831286334487,0.04648523166538582,0.0,0.0,0.07584432534878739,0.7119580218224881,0.11009660131275589,0.18594092666154327
Sector_16,0.0024465911402834642,0.0,0.0,0.19083410894211023,0.036698867104251964,3.7286048977919997,4.814891364077858,10.676923736197038,0.11988296587388975,11.579715866961635,34.74893396544604,0.0,16.218452668939086,18.64547108010028,479.90129875774176,515.2618805082586,0.0,0.0,0.0,0.0,0.0,1.9425933653850707,41.25931298974034,23.132519231380154,0.4306000406898897,2.334047947830425,28.05995378791105,1.538905827238299,104.92450764219664,1.4679546841700786,39.63966965487269,0.8685398548006298,6.8969404244590855,12.873962580171588,3.077811654476598,10.050596404284471,0.442832996391307,0.305823892535433,5.705450539141038,7.026609754894109,31.715160951494546,3.2637525811381414,0.6874921104196534,38.768683208931776,49.232753515924145,4.787978861534739,0.0,11.119756732588346,3.525537833148472,10.231644148665447,24.164980692579775,0.584735282527748,7.814412102065385,0.5578227799846298,1.0471410080413228,0.2911443456937322,0.0,0.0,0.06361136964737008,0.9321512244479999,0.0,0.2397659317477795
Sector_17,0.0,0.0,0.0,0.026912502543118107,0.009786364561133857,2.3193684009887243,2.177466114852283,3.332257133066078,0.12722273929474015,0.5137841394595275,65.92339827493794,0.0,14.699119570823052,6.994804070070424,17.006255016110362,17.12613798198425,212.8509826135211,32.08214962253707,0.716851204103055,0.0,0.0,8.161828043985636,18.594092666154328,8.903145159491526,0.2250863849060787,1.4850808221520628,7.178298405591684,0.0,48.27124319779275,0.0,3.7750901294573853,0.137009103855874,3.063132107634897,1.0495875991816062,1.3578580828573226,5.612480075810267,2.414785455459779,0.18104774438097634,2.578707061858771,6.635155172448755,16.355461772794957,0.4208136761287558,0.47463868121499203,3.9145458244535427,16.00315264859414,2.7328423036966294,0.0,6.006381249395905,3.9463515092772274,2.24597066678022,6.571543802801385,0.2617852520103307,8.746563326513385,0.4501727698121574,0.5211239128803778,0.1149897835933228,0.0,0.0,0.0342522759639685,0.2397659317477795,0.0,0.05627159622651968
Sector_18,0.0,0.0,0.0,1.3456251271559052,0.0024465911402834642,1.401896723382425,4.937220921092031,4.403864052510236,0.14434887727672438,11.494085177051714,40.39566631722028,0.0,43.36338137038412,25.91184676674217,139.72726661272893,89.88286531173391,80.22372348989478,270.71041649008475,27.022599144430863,0.7144046129627716,0.0,11.8512874835331,19.002673386581666,16.47045155638828,0.2324261583269291,1.5462456006591494,12.52899322939162,2.1285342920466137,124.24279128587487,0.0,18.141473305201888,0.6728125635779526,0.03914545824453543,8.859106518966424,0.6336671053334172,0.0,0.0,0.0048931822805669285,1.1743637473360629,0.6972784749807873,9.3508713381634,0.024465911402834644,0.0,6.180089220356031,10.33929415883792,0.0,0.0,1.0471410080413228,0.0,1.406789905662992,10.941155579347651,0.0,0.0,0.0,0.1492420595572913,0.036698867104251964,0.0,0.0,0.0,0.0,0.0,0.0
Sector_19,0.0,0.0,0.0,0.12477614815445667,0.0,7.1171336270845975,5.786188046770392,11.81703520756913,0.4942114103372598,4.8418038666209755,8.594874675815811,0.0,63.16609005983848,8.247458733895558,206.65621384632337,352.4094344375705,38.756450253230355,94.79317373028282,810.1568504200454,50.091507006163646,0.0,0.2666784342908976,62.89941162554757,19.085857485351305,0.3302898039382677,3.094937792458582,25.31977171079357,15.07834119756699,228.41619544800452,0.0,46.1476020880267,1.5633717386411334,9.764345240871306,16.47045155638828,5.125608438893857,19.73909731980699,1.8545160843348658,0.6189875584917164,9.49277362429984,4.352485638564283,50.960046860964276,4.687668624783117,1.2208489790014487,30.592175618104438,76.35321630596634,0.0,0.0,23.653643144260535,4.672989077941417,13.280096709458643,35.781395426645666,0.9076853130451652,12.020102272212661,0.7584432534878739,3.0851514278974483,0.06605796078765354,0.0,0.0,0.11988296587388975,1.918127453982236,0.0,0.4942114103372598
Sector_20,0.0024465911402834642,0.6777057458585196,0.0,0.1786011532406929,0.014679546841700785,16.238025398061353,0.5504830065637795,1.570711512061984,0.30337730139514957,2.8478320872899525,19.27424500315313,0.0,61.284661472960494,11.305697659249889,73.75982969726589,90.67556084118576,26.7657070747011,17.275380041541542,448.52376738360635,856.3656172865792,1.749312665302677,0.0,11.910005670899904,17.510252791008753,0.05871818736680314,0.5309102774415118,14.16820929338154,80.33871327348811,106.54904415934486,0.0,17.01359478953121,0.4648523166538582,1.0104421409370707,6.59600971420422,1.12298533339011,1.7860115324069288,0.7119580218224881,0.02935909368340157,2.040457010996409,1.7419728918818265,20.157464404795462,0.5651625534054803,0.15168865069757478,7.41561774619918,11.609074960645039,3.3714025913106136,0.0,2.8307059493079683,0.22263979376579526,26.30819453146809,8.87133947466784,0.08318409876963778,2.2851161250247554,0.23487274946721257,0.0,0.036698867104251964,0.0,0.0,0.009786364561133857,0.47463868121499203,0.0,0.03180568482368504
Sector_21,0.0,0.0024465911402834642,0.0,0.01712613798198425,0.019572729122267714,3.1707821178073696,0.9272580421674329,2.260650213621921,0.36454207990223614,1.1034126042678423,4.80999818179729,0.0,19.403914333588155,9.708073644644786,34.6510703198347,54.001159648336625,13.908870632511494,17.336544820048626,35.11347604534828,11.814588616428848,229.54407396367517,0.4721920900747086,4.496834515841007,3.0655786987751803,0.25689206972976375,1.2991398954905193,1.7542058475832438,5.617373258090834,41.330264132808566,0.06605796078765354,8.771029237916219,0.17370797096012594,2.0796024692409447,2.5982797909810387,0.7315307509447558,3.611168523058393,1.702827433637291,0.16147501525870864,1.3554114917170392,5.7519357708064245,12.166897740629667,1.4581683196089446,0.31071707481599997,5.847352825277479,14.90218663546658,0.2275329760463622,0.0,6.9654449763870225,1.839836537493165,1.6857012956553068,5.6834312188784875,0.1786011532406929,3.9732640118203455,0.6899387015599369,0.5725023268263306,0.1565818329781417,0.0,0.0,0.0342522759639685,0.3498625330605354,0.022019320262551177,0.1296693304350236
Sector_22,0.009786364561133857,0.0,0.274018207711748,0.06605796078765354,0.036698867104251964,22.486619170345318,60.31091819912768,5.646732351774235,0.2593386608700472,3.860720819367306,24.651852329496187,0.0,40.18281288801562,8.252351916176124,266.61237633010995,67.93449619225096,23.678109055663366,11.44759994538633,6.3807096938592744,1.908341089421102,0.0,137.7748868827827,5.250384587048314,7.799732555223684,0.7633364357684409,2.160339976870299,11.496531768191998,3.4081014584148654,87.7102923791622,1.0177819143579212,13.935783135054612,0.2519988874491968,3.5157514685873377,5.61492666695055,1.6636819753927556,6.3807096938592744,2.7915604910634326,0.27157161657146456,3.077811654476598,6.038186934219589,21.109188358365728,2.6765707074701095,0.4599591343732912,15.35480599641902,37.67505696922507,0.4942114103372598,0.0,11.371755620037542,1.365197856278173,7.5183745740910854,5.666305080896503,0.2911443456937322,7.320200691728125,0.4379398141107401,0.7829091648907086,0.19572729122267715,0.0,0.0,0.05871818736680314,0.7731228003295747,6.740358591480944,0.11254319245303936
Sector_23,0.024465911402834644,0.0,0.0,0.0,0.0,0.068504551927937,0.7633364357684409,0.885665992782614,0.03914545824453543,3.1487627975448182,1.5315660538174485,0.0,6.456554019208062,2.8869775455344877,30.139556257151995,39.24576848128705,102.43877104366864,115.97820641399734,72.35059320046261,0.0024465911402834642,54.88193245883867,0.0024465911402834642,224.70960987047505,5.886498283522014,0.18104774438097634,1.0202285054982045,46.742123735115584,0.7046182484016377,117.81314976920994,0.6997250661210708,5.634499396072818,0.07095114306822045,4.1445253916401885,3.2368400785950233,1.9646126856476216,9.265240648253478,1.6098569703065195,0.1590284241184252,3.647867390162645,1.4410421816269603,24.057330682407304,2.0477967844172595,0.516230730599811,31.7518598185988,38.692838883582986,0.23487274946721257,0.0,9.529472491404094,1.849622902054299,8.440739433977951,27.105783243200502,0.43304663183017317,4.599591343732913,0.18594092666154327,1.634322881709354,0.0024465911402834642,0.0,0.0,0.044038640525102354,0.7755693914698581,0.0024465911402834642,0.2104068380643779
Sector_24,0.0024465911402834642,8.817514469581605,0.0,621.037801867274,0.01712613798198425,0.012232955701417322,8.242565551614991,0.1492420595572913,0.46974549893442513,20.56849171636308,1.1670239739152124,0.0,0.6948318838405038,1.0055489586565038,2.456377504844598,2.155446794589732,0.9199182687465824,42.0202028343685,1.1988296587388976,0.0,0.0,0.0024465911402834642,117.75687817298342,2911.519301262671,0.7780159826101416,80.34360645576868,41.87340736595149,2.9481423240415747,28.072186743612466,0.8416273522575116,31.05947452589858,0.9345978155882833,5.047317522404787,58.94816693398979,5.142734576875841,16.2600447183239,3.109617339300283,0.5137841394595275,10.412691893046425,35.92085112164182,54.80119495120932,5.252831178188598,0.8734330370811967,10.385779390503306,12.898428491574423,15.775619672547778,0.0,21.735515690278298,0.11009660131275589,4.012409470064881,21.432138388883146,0.7633364357684409,13.551668326030109,0.2324261583269291,5.881605101241448,0.14679546841700786,0.0,0.0,0.09541705447105511,0.014679546841700785,1.196383067598614,0.053825005086236215
Sector_25,0.0,0.0,0.0,1.6563422019719052,0.0024465911402834642,0.022019320262551177,0.0,0.09786364561133858,0.024465911402834644,0.8122682585741101,1.4606149107492281,0.0,2.794007082203716,2.723055939135496,2.2655433959024878,0.5627159622651967,1.4532751373283779,0.0,0.0,0.0,0.0,0.1565818329781417,7.16851204103055,5.199006173102362,4.528640200664692,0.36698867104251964,15.132166202653226,0.5529295977040628,1.803137670388913,0.10275682789190549,0.3180568482368504,0.009786364561133857,0.3767750356036535,0.07339773420850393,0.19083410894211023,0.8734330370811967,0.10031023675162203,0.026912502543118107,0.3547557153411023,0.9174716776062991,3.0875980190377317,0.34496935077996843,0.08073750762935432,0.5211239128803778,5.010618655300535,0.5015511837581101,0.0,0.9468307712897007,0.3131636659562834,0.20796024692409446,3.787323085158803,0.044038640525102354,0.7486568889267401,0.02935909368340157,0.5113375483192439,0.07339773420850393,0.0,0.0,0.0048931822805669285,0.07339773420850393,0.4770852723552755,0.08318409876963778
Sector_26,0.0,0.0,0.0,0.8293943965560944,0.012232955701417322,0.45751254323300783,0.19328070008239367,0.2299795671866456,0.41836708498847236,18.339647187564847,0.8220546231352439,0.0,0.9125784953257321,0.11743637473360628,0.22263979376579526,1.1474512447929448,0.0,0.08073750762935432,0.39390117358563775,0.2471057051686299,0.0,0.7192977952433385,11.697152241695242,16.453325418406298,1.7175069804789918,528.6691999570121,42.09604715971729,12.377304578694046,27.4311798648582,1.096072830846992,14.89484686204573,0.2299795671866456,2.4343581845820466,13.881958129968377,1.6220899260079367,4.633843619696881,1.575604694342551,0.068504551927937,3.014200284829228,4.5164072449632755,18.283375591338327,2.891870727815055,0.37432844446337005,18.491335838262422,20.661462179693856,2.0013115527518734,0.0,5.159860714857826,2.204378617395401,9.527025900263808,11.658006783450707,0.20062047350324405,4.6754356690817,0.41102731156762196,1.3162660334725038,0.18104774438097634,0.0,0.0,0.024465911402834644,0.5749489179666141,0.6972784749807873,0.1712613798198425
Sector_27,0.20796024692409446,1.4948671867131966,0.0,66.01636873826871,0.2299795671866456,12.29656707106469,328.0511730449083,8.120235994600817,1.3015864866308031,103.25103930224275,60.10785113448415,0.0,254.31825585018555,683.4503418559052,142.80997144948608,338.81128087987497,27.377354859771966,242.37889108560222,112.32789243269441,0.0,0.0,0.022019320262551177,37.71909560975016,19.482205250077225,2.0844956515215114,6.189875584917164,2505.5539867642956,29.425151644189224,346.34678159194806,5.313995956695684,56.056296206174736,2.0306706464352753,15.734027623162959,21.34161451669266,8.286604192140093,32.05523711999395,5.5097232479183615,0.7144046129627716,15.313213947034203,3.126743477282267,104.49880078378732,11.623754507486739,1.6563422019719052,138.1761278297892,201.1367042338439,267.91396281674076,0.0,15.210457119142298,7.819305284345952,111.1755480056209,198.15430963383832,1.5731581032022675,18.322521049582864,1.7664388032846612,4.606931117153763,0.04893182280566929,0.0,0.0,0.068504551927937,5.553761888443463,0.2299795671866456,0.3205034393771338
Sector_28,0.0,0.007339773420850393,0.0,0.036698867104251964,0.0,7.618684810842708,0.0,4.115166297956787,3.1487627975448182,7.89514960969474,1.930360409683653,0.0,36.58877050293921,4.49928110698129,0.6043080116500157,63.131837783874516,3.899866277611842,18.540267661068093,58.2655680058507,159.57156735156812,0.0,0.03914545824453543,5.575781208706014,7.210104090415369,0.5969682382291652,3.014200284829228,13.96269563759773,113.6466050573072,43.25573136021165,2.3829797706360942,14.914419591167999,0.29603752797429916,4.9861527438977,6.870027921915967,4.655862939959433,9.30927928877858,9.424269072371905,0.5333568685817952,8.643806498621478,19.746437093227836,33.748278189070106,5.7445959973855745,0.9810830472536691,45.89315660943723,71.99828407626178,0.0,0.0,19.670592767879054,7.038842710595526,11.078164683203527,0.22263979376579526,0.3914545824453543,14.574343422668596,0.9566171358508345,2.3707468149346766,0.14434887727672438,0.0,0.0,0.10031023675162203,0.9810830472536691,0.024465911402834644,0.4599591343732912
Sector_29,0.0,0.20062047350324405,0.0,0.21530002034494486,0.0024465911402834642,4.9714731970559995,14.921759364588848,24.857365985279994,1.3872171765407242,41.03178001369398,6.816202916829731,0.0,41.12475047702475,1.9107876805613855,0.0,50.172244513793,2.957928688602708,0.0,16.52427656147452,0.0,0.0,2.2802229427441887,65.81819485590574,24.918530763787082,4.3940776879491015,15.92486173210507,75.85655830448881,29.64779143795502,279.6551536989611,13.877064947687808,430.1669940580595,146.01011266097686,54.351022181397155,210.41417783779877,33.61126908521423,92.95089060164938,38.82495480515829,0.5969682382291652,62.0528910910095,62.422326353192304,196.6202969888806,32.020984844029975,3.6503139813029284,195.05692525023946,317.2763856630999,35.75448292410254,0.0,138.25441874627828,37.67995015150563,133.52515807211034,10.49587599181606,4.000176514363464,87.130450278915,1.5119933246951809,6.544631300258267,0.9859762295342361,0.0,9.734986147187904,0.37922162674393695,6.348904009035589,29.956061921630734,2.7426286682577636
Sector_30,0.0,0.4012409470064881,0.0,0.3841148090245039,0.0,9.668928186400251,9.632229319295998,26.234796797259587,5.994148293694487,38.08608428079268,2.566474106157354,0.0,19.871213241382296,0.4012409470064881,0.0,6.534844935697133,0.516230730599811,0.0,0.0,0.0,0.0,1.3994501322421415,6.877367695336818,41.971271011562834,2.625192293524157,5.0081720641602505,93.33989859295444,9.77413160543244,71.11261808347918,10.160693005597228,27.773702624497883,0.8098216674338267,7.249249548659904,18.80205291307842,14.87282754178318,15.35969917869959,20.81315083039143,1.6416626551302045,27.524150328188973,8.423613295995967,91.41687795669164,19.340302963940783,2.762201397380031,514.2905838255662,232.72953562832424,1.4997603689937635,0.0,48.909803485406734,29.447170964451775,91.27252907941491,5.142734576875841,0.6214341496319999,27.228112800214674,0.922364859886866,3.1707821178073696,0.442832996391307,0.0,0.0,0.24221252288806294,4.584911796891212,31.382424556415998,1.575604694342551
Sector_31,0.0,0.0,0.0,0.41347390270790546,0.23487274946721257,3.1976946203504877,0.0,2.2068252085356845,0.5578227799846298,208.8728254194202,1.296693304350236,0.0,10.877544209700282,0.8587534902394959,1.4116830879435587,5.588014164407432,0.0,0.0,0.0,13.58836719313436,3.7897696762990862,0.051378413945952744,96.21219659164723,98.08628540510436,1.328498989173921,3.7065855775294483,36.099452274882516,103.98990982660837,24.595580733269667,7.3666859233935105,335.60379989496334,0.8269478054158109,10.549700996902297,274.1943622738484,3.7408378534934164,14.126617243996723,1.7566524387235272,0.2104068380643779,7.293288189185007,4.369611776546267,38.57540250884938,16.05208447139981,0.9174716776062991,81.7601827259928,41.31558458596686,6.0088278405361875,0.0,11.276338565566487,4.599591343732913,134.7875991004966,44.165863264397096,6.118924441848944,13.121068285340218,0.7731228003295747,3.721265124371149,0.45751254323300783,0.0,0.0024465911402834642,0.061164778507086605,0.9076853130451652,1.4288092259255432,0.6263273319125668
Sector_32,0.0,0.0,0.0,0.0,1.255101254965417,0.024465911402834644,0.0,0.068504551927937,0.0024465911402834642,0.959063726991118,0.009786364561133857,0.0,0.026912502543118107,0.0,0.0,0.04648523166538582,0.0,0.0,0.0,0.0,0.0,0.0,0.9199182687465824,0.044038640525102354,0.0048931822805669285,0.007339773420850393,0.20306706464352753,0.0048931822805669285,0.3620954887619527,0.0,0.46974549893442513,0.0,0.0,8.97654289370003,0.03180568482368504,0.4085807204273385,0.007339773420850393,0.0024465911402834642,0.061164778507086605,0.0,0.19328070008239367,0.024465911402834644,0.0048931822805669285,0.6703659724376693,0.09052387219048817,0.09541705447105511,0.0,0.0,0.09297046333077164,1.602517196885669,0.8342875788366613,0.019572729122267714,0.18104774438097634,0.0048931822805669285,0.0,0.0,0.0,0.0,0.0,0.0,0.0,0.0024465911402834642
Sector_33,0.0024465911402834642,0.0,0.0,0.03180568482368504,2.593386608700472,0.33273639507855113,0.0,0.4501727698121574,0.12477614815445667,117.95749864648666,0.5039977748983936,0.0,0.4452795875315905,0.0,0.0,0.31561025709656687,0.0,0.0,0.0,0.0,10.510555538657762,0.007339773420850393,35.76671587980396,1.8716422223168503,0.014679546841700785,0.061164778507086605,0.8024818940129762,0.3767750356036535,8.32574965038463,0.10031023675162203,2.4172320466000627,0.4966580014775432,62.32935588986153,240.39715226197262,0.46974549893442513,23.36494538970708,0.9248114510271495,0.6654727901571023,0.8709864459409132,1.0349080523399055,8.4187201137154,2.0429036021366924,0.14679546841700786,8.651146272042329,1.812924034950047,0.1492420595572913,0.0,8.28415760099981,0.19083410894211023,28.688727710963903,15.058768468444722,18.3763460546691,0.39390117358563775,0.08563068990992125,2.219058164237102,0.16392160639899211,0.0,0.0,0.051378413945952744,0.03180568482368504,0.0,0.40368753814677155
Sector_34,0.007339773420850393,0.0,0.0,2.1505536123091646,0.044038640525102354,1.6269831082885038,0.2519988874491968,3.0190934671097946,0.5211239128803778,18.488889247122138,3.726158306651716,0.0,5.795974411331527,1.0667137371635904,0.044038640525102354,2.37319340607496,0.0,0.022019320262551177,0.7021716572613542,6.255933545704818,0.0,0.026912502543118107,10.400458937345006,10.794360110930644,2.3829797706360942,3.2955582659618265,90.63396879180092,19.707291634983303,13.581027419713509,1.12298533339011,1.05937396374274,0.068504551927937,3.1585491621059525,243.83705940521116,7.285948415764157,6.321991506492472,1.1645773827749288,0.15168865069757478,29.00433796806047,7.339773420850393,24.57845459528768,4.3793981411074006,0.5309102774415118,70.53522257437227,21.187479274854798,23.81756475065952,0.0,14.88016731520403,3.2637525811381414,16.979342513567243,37.564960367912306,5.265064133890015,2.933462777199874,0.26423184315061415,8.188740546528754,0.2617852520103307,0.0,0.0,0.03914545824453543,0.39879435586620465,0.9003455396243149,0.12232955701417321
Sector_35,0.0024465911402834642,0.0048931822805669285,0.0,0.13456251271559055,0.007339773420850393,0.0024465911402834642,0.0,0.8391807611172283,0.26423184315061415,3.0875980190377317,0.05627159622651968,0.0,0.13945569499615745,0.0,0.0,0.04159204938481889,0.0,0.0,0.37188185332308654,0.0,0.0,0.009786364561133857,0.49176481919697623,3.160995753246236,0.16147501525870864,0.15168865069757478,7.410724563918613,0.49176481919697623,2.512649101071118,0.3547557153411023,10.804146475491777,0.009786364561133857,3.219713940613039,0.20796024692409446,179.11983056243298,1.0838398751455747,1.0618205548830235,0.2275329760463622,2.3438343123915586,0.5798421002471811,4.30844699803918,0.11009660131275589,0.0,14.461800230215557,2.891870727815055,2.2777763516039053,0.0,9.28725996851603,0.7021716572613542,2.135874065467464,6.150730126672629,0.09052387219048817,1.333392171454488,0.0,0.08073750762935432,0.14434887727672438,0.0,0.0,0.044038640525102354,0.0,0.4991045926178267,0.18104774438097634
Sector_36,42.25262899269542,1.8202638083708975,6.640048354729322,0.41347390270790546,645.178316648451,5.284636863012283,0.0,12.220722745715904,0.6263273319125668,45.25704291296352,8.607107631517227,0.0,3.0019673291278104,0.0,0.0,18.55984039019036,0.0,0.6336671053334172,0.0,0.10031023675162203,0.0,0.895452357343748,3.055792334214047,51.9484696816388,8.60955422265751,9.918480482709164,131.51895333707787,4.183670849884724,197.7139232285873,40.207278799418454,7.944081432500408,0.06605796078765354,3.589149202795842,2.6545513872075586,6.72323245349896,43.75972913511004,2.515095692211401,1.328498989173921,12.482507997726236,4.413650417071369,66.85554949938594,8.572855355553259,1.4581683196089446,229.98690696006648,96.20975000050694,0.24221252288806294,0.0,6.326884688773038,6.436981290085794,36.67684778398941,28.65202884385965,2.9530355063221414,11.56748291126022,0.8220546231352439,0.5627159622651967,0.7437637066461731,0.0,9.72519978262677,1.0862864662858582,2.314475218708157,1.438595590486677,27.570635559854356
Sector_37,0.0,0.0,0.0,0.0048931822805669285,0.18594092666154327,0.6997250661210708,0.0,0.5309102774415118,244.9013265512345,0.9199182687465824,0.3009307102548661,0.0,2.0355638287158424,0.0,0.0,1.4777410487312124,0.0,0.0024465911402834642,0.0,0.0,0.0,1.1890432941777638,0.2617852520103307,1.4288092259255432,0.04648523166538582,0.7217443863836219,3.310237812803527,0.9933160029550864,6.182535811496314,1.1303251068109605,28.25812767027401,0.6948318838405038,1.3578580828573226,8.05173144267288,3.8142355877019205,1.3211592157530707,9.952732758673132,0.675259154718236,7.060862030858077,6.627815399027904,12.215829563435337,2.145660430028598,0.3009307102548661,16.585441339981607,33.12439744829782,0.6703659724376693,0.0,31.624637079304055,5.397180055465322,4.085807204273385,16.353015181654676,0.04893182280566929,12.032335227914077,0.5186773217400944,0.41347390270790546,0.11254319245303936,0.0,26.105127466824563,0.1492420595572913,0.8758796282214802,1.4312558170658265,0.04159204938481889
Sector_38,0.0,0.0024465911402834642,0.0,0.01712613798198425,0.04648523166538582,0.09541705447105511,0.019572729122267714,0.10031023675162203,0.447726178671874,1.0300148700593383,0.0024465911402834642,0.0,0.08807728105020471,0.0024465911402834642,0.0,0.04159204938481889,8.222992822492722,0.16636819753927556,0.0,0.0,0.0,0.0,1.5731581032022675,2.4808434162474327,0.04893182280566929,0.2764647988520314,5.414306193447306,0.32784321279798423,2.5420081947545192,0.21285342920466138,0.5896284648083149,0.0048931822805669285,0.9737432738328188,0.10031023675162203,1.269780801807118,1.1205387422498265,0.4085807204273385,173.86210620196383,20.612530356888186,3.7334980800725663,4.3720583676865505,0.2275329760463622,0.03914545824453543,13.656871745062297,8.264584871877542,0.0,0.0,19.805155280594644,2.502862736509984,2.8820843632539206,16.925517508481008,0.053825005086236215,10.329507794276786,0.342522759639685,0.1712613798198425,0.0,0.0,19.687718905861036,0.044038640525102354,0.10765001017247243,0.6507932433154016,0.024465911402834644
Sector_39,0.012232955701417322,0.007339773420850393,0.0,0.04648523166538582,0.11254319245303936,0.0,0.0,1.9890785970504565,1.2477614815445666,1.3187126246127872,0.03180568482368504,0.0,0.9076853130451652,0.0,0.0,0.5015511837581101,115.52069387076433,9.323958835620282,0.0,0.0,0.0,0.009786364561133857,42.5829187966337,14.978030960815367,0.8073750762935431,0.6630261990168188,5.739702815105007,0.0024465911402834642,32.50051670752554,13.497843320943872,1.61719674372737,0.0,1.5951774234648186,1.0838398751455747,1.328498989173921,5.338461868098519,4.9861527438977,4.154311756201322,436.0167934744773,9.60531681675288,16.89371182365732,0.516230730599811,0.3229500305174173,47.31462606194191,8.090876900917417,12.002976134230677,0.0,52.39864245145095,3.8484878636658895,30.506544928194515,15.484475326854044,0.4306000406898897,7.212550681555652,0.0,0.342522759639685,0.6923852927002204,0.0,1.5095467335548973,0.24955229630891335,0.0,0.0,0.9321512244479999
Sector_40,0.0,0.0,0.0,0.022019320262551177,0.14434887727672438,0.0048931822805669285,0.0,10.50810894751748,4.973919788196282,4.423436781632502,0.007339773420850393,0.0,2.9065502746567558,0.0,0.0,0.009786364561133857,51.03589118631306,2.069816104679811,0.24955229630891335,0.0,0.0,0.0,1.2086160233000314,4.885842507146077,0.19083410894211023,1.5242262803965982,14.9584582316931,2.404999090898645,11.261659018724785,0.7559966623475904,0.08807728105020471,0.0024465911402834642,2.698590027732661,0.11254319245303936,5.556208479583748,5.255277769328881,8.200973502230173,0.4942114103372598,9.59797704333203,753.3983825566095,45.1714122230536,6.319544915352187,1.18659670303748,81.37362132582803,57.00068038632415,0.07339773420850393,0.0,15.428203730627526,6.77950404972548,46.348222561529944,39.73264011820346,0.24465911402834642,13.649531971641446,1.1596842004943622,2.209271799675968,0.0,0.0,0.0,0.09786364561133858,1.7835649412666454,29.65757780251615,0.0
Sector_41,0.03914545824453543,0.0,0.0,0.022019320262551177,3.3958685027134483,3.342043497627212,0.0,7.158725676469417,5.115822074332724,3.6845662572668973,1.3896637676810075,0.0,5.3800539174833375,0.0,0.0,3.731051488932283,0.0,0.1786011532406929,0.0,0.0,0.0,0.9076853130451652,0.0048931822805669285,7.6627234513678095,0.753550071207307,5.262617542749732,30.795242682747965,1.1058591954081256,7.956314388201826,5.6614118986159365,3.787323085158803,0.0024465911402834642,9.539258855965228,0.8245012142755275,22.824248747704438,23.02976240348825,21.75264182826028,1.069160328303874,41.57492324683691,61.38986489199268,433.01971932763007,7.317754100587841,91.0988211084548,64.59489928576401,262.5926270866242,17.02582774523263,0.0,91.99427346579853,26.694755931632876,0.053825005086236215,0.009786364561133857,0.9786364561133857,59.90967725212119,1.323605806893354,5.252831178188598,0.3180568482368504,0.0,0.0,0.3841148090245039,1.876535404597417,6.556864255959685,0.36454207990223614
Sector_42,0.01712613798198425,0.0024465911402834642,0.0,0.009786364561133857,2.243524075639937,1.8006910792486297,0.0,2.8722979986927872,2.175019523712,0.8636466725200628,0.5896284648083149,0.0,3.6380810256015113,0.0,0.0,2.0453501932769758,0.0,0.4844250457761259,0.0,0.0,0.0,0.37922162674393695,0.08073750762935432,1.7517592564429605,1.8471763109140154,9.267687239393762,1.4826342310117793,0.5382500508623622,3.931671962435527,2.1848058882731336,6.05286648106129,0.0024465911402834642,18.726208587729637,0.9933160029550864,10.613312366549668,34.054102081605535,9.023028125365416,0.5455898242832126,18.271142635636913,78.46462446003098,50.01076949853429,101.7047937015836,225.35550993150989,17.747572131616252,74.26627406330456,14.76762412275099,0.0,32.46626443156157,12.254975021679874,2.762201397380031,0.0,2.0159910995935744,26.870910493733287,1.6416626551302045,6.6620676749918735,0.40368753814677155,0.0,0.0,0.137009103855874,0.9933160029550864,1.3064796689113698,0.31071707481599997
Sector_43,0.0,0.0,0.0,0.0048931822805669285,0.03180568482368504,0.5211239128803778,0.0,2.155446794589732,1.0789466928650078,0.5578227799846298,0.1712613798198425,0.0,1.4728478664506452,0.0,0.0,0.8245012142755275,0.0,0.06361136964737008,0.0,0.0,0.0,0.0,0.0,0.7119580218224881,0.21285342920466138,1.6832547045150232,4.535979974085542,0.41347390270790546,1.8202638083708975,1.0055489586565038,0.7021716572613542,0.0,1.1621307916346455,0.30337730139514957,3.2637525811381414,1.3945569499615746,3.7359446712128497,0.17615456210040942,5.605140302389416,8.73677696195225,75.20087187889284,0.6948318838405038,272.2591086818842,13.006078501746895,19.829621191997475,0.019572729122267714,0.0,6.791737005426897,2.11140815406463,4.868716369164093,0.8489671256783621,0.12722273929474015,4.991045926178266,0.5504830065637795,1.223295570141732,0.0,0.0,0.0,0.026912502543118107,0.342522759639685,0.4501727698121574,0.12232955701417321
Sector_44,0.6410068787542677,0.0,0.0,2.1407672477480313,0.0024465911402834642,1.6074103791662357,0.6581330167362519,3.1071707481599997,1.9646126856476218,12.580371643337575,6.155623308953195,0.0,4.8344640932001255,6.37826310271899,0.0024465911402834642,5.874265327820598,0.0,0.4746386812149921,0.0,0.0,0.0,3.0778116544765983,0.16636819753927556,63.82422307657473,104.87557581939097,504.2302010567206,790.3296758191883,2.077155878100661,10.801699884351493,3.4472469166594006,1.3407319448753383,0.026912502543118107,1.849622902054299,0.04159204938481889,6.870027921915968,6.632708581308472,8.499457621344755,0.33518298621883463,12.744293249736566,10.816379431193194,302.3056944757054,98.47284680526916,2.4686104605460155,613.8154648211571,52.863494768104815,14.0116274604034,0.0,13.441571724717353,3.7139253509502987,50.137992237829025,5.749489179666141,0.2593386608700472,300.63467272689184,0.74865688892674,0.4379398141107401,0.0,0.0,0.0,0.061164778507086605,0.9174716776062991,0.900345539624315,0.25444547858948025
Sector_45,0.0,0.0,0.0,0.10031023675162203,0.1712613798198425,2.862511634131653,0.0,14.207354751626077,7.413171155058897,6.478573339470613,1.7395263007415431,0.0,4.0075162877843145,0.14434887727672438,0.0,1.876535404597417,0.0024465911402834642,0.06361136964737008,0.0,0.16392160639899211,0.0,3.8338083168241885,0.0,9.656695230698833,1.2746739840876848,7.577092761457888,12.04212159247521,12.396877307816313,14.160869519960691,4.800211817236157,9.815723654817258,0.0024465911402834642,31.03500861449574,5.512169839058645,18.55984039019036,47.297499923959926,7.303074553746141,0.7657830269087242,36.368577300313696,90.45292104741995,123.7069878261528,28.94317318955338,1.291800122069669,124.86911861778745,947.0167122163623,11.085504456624378,0.0,38.643907060777316,43.39763364634808,44.68943376841776,73.3414626122774,2.5469013770350863,83.26728286840742,12.394430716676029,12.220722745715904,0.0,0.0,0.0,0.2666784342908976,12.74184665859628,2.916336639217889,0.7437637066461731
Sector_46,0.0,0.0,0.0,0.012232955701417322,0.0048931822805669285,1.4116830879435587,0.8783262193617636,6.1384971709712115,3.454586690080251,4.854036822322393,3.838701499104755,0.0,8.986329258261163,1.8667490400362832,1.2404217081237163,6.66696085727244,11.092844230045227,8.599767858096376,30.247206267324465,0.4501727698121574,0.0,2.2361843022190864,1.0911796485664251,5.118268665473008,0.337629577359118,1.2844603486488186,12.347945485010644,4.139632209359622,19.729310955245854,0.6972784749807873,2.703483210013228,0.007339773420850393,4.384291323387968,1.1817035207569133,4.969026605915715,8.851766745545573,1.2355285258431494,0.45751254323300783,9.22364859886866,14.88016731520403,26.503921822690767,3.3224707685049446,0.6067546027902991,47.803944289998604,32.750069003834454,551.8677771491798,0.0,13.01586486630803,3.5573435179721566,12.658662559826643,4.907861827408629,0.45751254323300783,7.334880238569826,0.954170544710551,0.8342875788366613,0.007339773420850393,0.0,0.0,0.061164778507086605,1.0031023675162203,0.8783262193617636,0.15168865069757478
Sector_47,0.009786364561133857,0.0,0.0,0.0,0.4868716369164094,2.539561603614236,0.0,18.258909679935492,11.76565679362318,4.3867379145282515,31.09617339300283,5.825333505014928,8.083537127496566,1.1572376093540786,0.0,16.47779132980913,2.446591140283464,0.4281534495496062,0.0,0.0,0.0,1.1523444270735117,3.836254907964472,9.659141821839116,1.1621307916346455,1.0226750966384879,21.72572932571716,1.2844603486488186,30.14934262171313,2.7744343530814484,2.762201397380031,0.012232955701417322,6.8064165522685975,0.6263273319125668,2.123641109766047,11.81703520756913,6.90672678902022,0.0342522759639685,3.8068958142810705,12.157111376068533,26.41339795050028,5.705450539141038,0.2789113899923149,49.9055660795021,22.525764628589855,5.803314184752376,74.89015480407684,8.139808723723085,3.7065855775294483,37.998006999742486,52.79499021617687,0.7462102977864565,9.064620174750234,0.2862511634131653,9.125784953257321,0.08073750762935432,0.0,0.0,0.06605796078765354,0.22019320262551179,2.8478320872899525,0.0
Sector_48,0.012232955701417322,0.0,0.0,0.04893182280566929,0.3205034393771338,0.33273639507855113,0.0024465911402834642,7.613791628562141,49.912905852922954,1.201276249879181,0.342522759639685,0.0,2.3438343123915586,0.0,0.0,0.4379398141107401,0.0,0.3009307102548661,0.03180568482368504,0.0,0.0,0.16147501525870864,0.18838751780182675,1.954826321086488,0.10031023675162203,0.954170544710551,2.1627865680105822,1.0716069194441573,2.8307059493079683,0.7608898446281573,0.611647785070866,0.007339773420850393,1.5560319652202832,0.305823892535433,3.0875980190377317,1.954826321086488,232.1570333014979,136.39745607080312,5.74214940624529,8.930057662034644,23.621837459436847,1.4459353639075274,0.5015511837581101,26.30085475804724,30.758543815643712,1.0300148700593383,0.0,299.2523487326317,4.320679953740598,17.383030051714012,51.928896952516524,0.09541705447105511,4.824677728638991,0.49176481919697623,0.3474159419202519,0.0048931822805669285,0.0,1.3456251271559052,0.014679546841700785,0.7584432534878739,1.4116830879435587,0.014679546841700785
Sector_49,0.0024465911402834642,0.014679546841700785,0.0,0.12232955701417321,0.15168865069757478,1.3994501322421415,0.4281534495496062,6.353797191316156,1.649002428551055,2.8551718607108025,6.348904009035589,8.457865571959935,4.792872043815306,1.0079955497967872,0.009786364561133857,0.442832996391307,0.0,0.0,0.1492420595572913,0.0,0.0,8.122682585741101,1.4459353639075274,2.794007082203716,0.11254319245303936,1.1034126042678423,4.849143640041826,1.0936262397067085,14.0263070072451,0.8098216674338267,0.3767750356036535,0.019572729122267714,1.3407319448753385,0.2471057051686299,1.5633717386411334,2.4783968251071493,2.077155878100661,1.0520341903218895,2.918783230358173,3.4717128280622354,10.921582850225384,1.99152518819074,0.3229500305174173,14.261179756712313,26.684969567071743,0.6507932433154016,0.0,8.76368946449537,68.22808712908497,4.1518651650610385,16.996468651549225,0.13945569499615745,1.5217796892563147,0.28869775455344876,0.7095114306822046,0.007339773420850393,0.0,0.0,0.022019320262551177,0.7388705243656062,0.5945216470888819,0.5504830065637795
Sector_50,0.0,0.0,0.0,0.014679546841700785,0.4306000406898897,1.3627512651378897,0.0,2.4123388643194956,1.5878376500439684,7.831538240047369,0.46974549893442513,0.0,3.342043497627212,0.0,0.0,0.5945216470888819,0.40368753814677155,0.0,2.950588915181858,0.0,0.04893182280566929,0.46240572551357473,22.312911199385194,2.451484322564031,0.43304663183017317,1.4141296790838425,9.730092964907337,18.496229020542987,8.465205345380786,1.7933513058277792,1.2110626144403147,0.024465911402834644,2.656997978347842,6.3807096938592744,1.7860115324069288,5.646732351774235,5.955002835449952,16.389714048758925,3.0386661962320627,4.565339067768944,23.66587609996195,5.955002835449952,0.5186773217400944,30.88331996379817,42.47526878646123,1.2526546638251337,0.0,13.319242167703178,3.383635547012031,271.9924302475933,20.03024166550072,0.2104068380643779,6.341564235614739,0.5015511837581101,0.0342522759639685,0.0048931822805669285,0.0,0.0,0.068504551927937,1.012888732077354,1.1425580625123777,0.39879435586620465
Sector_51,0.0,0.0048931822805669285,0.0,0.04159204938481889,0.07095114306822045,0.8073750762935431,0.0,2.0869422426617947,0.5211239128803778,0.9835296383939525,0.08563068990992125,0.0,1.0373546434801888,0.0,0.0,0.11009660131275589,0.0,0.0024465911402834642,0.012232955701417322,0.0,0.0,0.0,0.009786364561133857,1.1817035207569133,0.1419022861364409,0.8245012142755275,0.7682296180490078,0.2666784342908976,2.3218149921290077,0.5284636863012283,0.2324261583269291,0.0,0.9615103181314014,0.23487274946721257,1.6318762905690707,1.7688853944249447,1.9107876805613855,0.10031023675162203,2.8013468556245664,2.771987761941165,12.722273929474014,1.4116830879435587,0.23731934060749602,7.141599538487433,20.05715416804384,1.5266728715368818,0.0,3.850934454806173,0.37922162674393695,2.5273286479128187,48.904910303126165,0.08807728105020471,0.6777057458585196,0.2250863849060787,0.22263979376579526,0.0024465911402834642,0.0,0.0,0.019572729122267714,0.5260170951609447,0.0048931822805669285,0.12232955701417321
Sector_52,0.0,0.0,0.0,0.0,0.0,0.4672989077941416,0.0,0.8587534902394959,1.5022069601340469,2.6398718403658576,0.07584432534878739,0.0,0.34496935077996843,0.0,0.0,0.10520341903218895,0.0,0.007339773420850393,0.0,0.0,0.0,0.0,0.0,0.8073750762935431,0.10765001017247243,0.2593386608700472,0.5406966420026456,2.201932026255118,1.1205387422498265,1.3089262600516534,8.269478054158109,8.164274635125919,80.0451223366541,0.32784321279798423,2.5738138795782044,202.03215659118763,5.546422115022613,0.2862511634131653,4.736600447588787,7.1318131739262975,6.781950640865762,1.228188752422299,0.0,10.53746804120088,25.224354656322515,0.18594092666154327,0.0,18.351880143266268,2.3267081744095743,6.911619971300786,2.943249141761007,3.332257133066078,4.954347059074015,0.274018207711748,0.8367341699769447,0.0,0.0,1.9817388236296059,0.09052387219048817,0.23487274946721257,0.22263979376579526,0.01712613798198425
Sector_53,6.319544915352187,0.022019320262551177,0.0,2.5958331998407553,0.007339773420850393,2.351174085812409,1.3896637676810075,10.77723397294866,2.4637172782654484,9.045047445627967,10.850631707157165,0.0,8.638913316340913,4.369611776546267,0.0,1.7101672070581415,0.0,0.2593386608700472,0.0,1.7737785767055116,0.0,4.210583352427842,2.8184729936065507,5.3188891389762505,1.0251216877787717,4.129845844798488,10.265896424629416,4.937220921092031,17.434408465659967,2.2704365781830544,0.6825989281390865,0.014679546841700785,2.2141649819565354,0.3498625330605354,4.587358388031495,4.009962878924598,4.127399253658204,0.23731934060749602,8.399147384593132,3.9487981004175112,27.294170761002327,3.346936679907779,0.01712613798198425,36.60345004978091,50.884202535615486,4.11027311567622,0.0,7.567306396896755,1.406789905662992,17.566524387235273,68.04214620242342,0.4379398141107401,204.10441928700772,0.5676091445457636,0.479531863495559,0.0,0.0,0.0,0.04159204938481889,1.1621307916346455,0.0024465911402834642,0.19083410894211023
Sector_54,1.5291194626771651,1.2404217081237163,0.0,11.188261284516281,7.853557560309921,5.74214940624529,7.266375686641888,23.40409084795162,22.99551012752428,39.80359126127168,4.328019727161449,1.328498989173921,4.2423890372515265,13.174893290426455,0.6556864255959685,18.85098473588409,0.274018207711748,4.168991303043023,0.38166821788422045,1.3138194423322203,0.0,2.3438343123915586,26.599338877161824,54.09657670280768,7.809518919784818,6.703659724376691,83.20122490761976,10.818826022333479,30.8343881409925,8.92027129747351,14.476479777057259,0.19572729122267715,13.4048728576131,1.6538956108316218,26.180971792173352,28.182283344925224,25.131384192991742,0.07584432534878739,30.489418790212532,4.726814083027653,186.24675055407872,1.1498978359332281,0.7706762091892913,309.18061557990194,62.06023086443035,41.04645956053568,0.0,21.16790654573253,20.98930539249184,89.42779935964118,2.794007082203716,2.155446794589732,51.15088096990638,157.25709213285995,6.671854039553007,3.731051488932283,0.0,0.0,0.20306706464352753,0.5137841394595275,1.570711512061984,5.118268665473008
Sector_55,0.6728125635779526,0.1149897835933228,0.0,1.0936262397067085,14.53519796442406,1.032461461199622,0.2691250254311811,0.753550071207307,2.7108229834340785,33.01185425584478,0.0,0.0,1.475294457590929,0.0,0.0,5.4705777896738255,0.0,1.0177819143579212,0.0,0.0,0.0,2.1994854351148345,2.4123388643194956,62.71591729002631,2.2704365781830544,2.4270184111611965,69.16268494467325,2.2630968047622044,9.6469088661377,8.367341699769447,12.976719408063493,0.13945569499615745,2.7328423036966294,1.0887330574261416,3.8827401396298575,13.803667213479306,12.19625683431307,0.4452795875315905,6.882260877617385,4.851590231182109,41.420788004999054,1.3847705854004408,0.0,86.26680360639496,22.38875552473398,2.8722979986927872,0.0,3.4937321483247867,4.310893589179464,17.05518683891603,0.0024465911402834642,1.2404217081237163,19.56294275770658,0.5088909571789606,21.158120181171398,1.5976240146051022,0.0,0.0,0.5749489179666141,0.12232955701417321,2.2141649819565354,0.3474159419202519
Sector_56,1.0300148700593383,0.0,0.0,0.7315307509447558,27.1498218837256,9.810830472536692,0.3890079913050708,8.144701906003652,0.4306000406898897,39.522233280139076,26.662950246809192,232.84941859419814,38.60720819367307,2.674124116329826,0.0,4.80265840837644,6.9262995181424865,1.9523797299462045,0.0,0.0,0.0,91.022976783106,42.42144378137498,59.42525220634506,4.168991303043023,12.069034095018328,54.4342062801668,10.613312366549668,145.57217284686612,3.11451052158085,5.064443660386771,0.15413524183785823,6.9581052029661725,4.198350396726425,10.131333911913824,12.565692096495871,6.402729014121826,0.13945569499615745,17.906600555734673,22.131863455004215,29.674703940498137,8.739223553092534,0.5871818736680314,102.80575971471116,106.38512255294587,7.816858693205668,0.0,11.012106722415872,7.42295751962003,23.915428396270862,21.693923640893477,0.6434534698945511,26.797512759524782,0.9492773624299841,7.990566664165793,93.72890658425952,0.0,0.0,0.03180568482368504,2.7181627568549285,0.5627159622651967,18.82896541562154
Sector_57,2.9970741468472437,0.0,0.0,0.7144046129627716,63.21746847378443,6.309758550791054,0.0,5.16964707941896,0.3547557153411023,21.896990705537004,5.3727141440624875,6.050419889921007,5.627159622651968,0.0,0.0,3.8705071839284404,0.0,0.5235705040206614,0.0,0.0,0.0,3.202587802631055,2.461270687125165,34.399071432385504,2.1505536123091646,1.9107876805613855,31.228289314578138,3.6038287496375427,29.645344846814737,7.2003177258542355,2.625192293524157,0.09786364561133858,1.0838398751455747,1.0887330574261416,2.7059298011535113,10.087295271388722,1.3994501322421415,0.3131636659562834,3.591595793936125,4.3940776879491015,10.561933952603715,1.5853910589036848,0.10275682789190549,57.14258267246059,13.688677429885983,1.1450046536526612,0.0,1.3921103588212913,2.8722979986927872,15.048982103883588,8.345322379506896,0.4452795875315905,20.972179254509854,0.3009307102548661,3.021540058250078,22.251746420878106,0.0,0.0,0.2911443456937322,0.11988296587388975,0.29603752797429916,7.951421205921259
Sector_58,0.068504551927937,0.07095114306822045,0.0,0.30337730139514957,0.6630261990168188,1.5437990095188658,0.7633364357684409,2.581153652999055,2.661891160628409,5.791081229050961,1.0300148700593383,0.0,1.1768103384763462,0.0342522759639685,0.009786364561133857,1.8055842615291966,0.0,0.305823892535433,0.0,0.0,0.0,0.41836708498847236,0.8049284851532598,14.400635451708471,1.169470565055496,1.2306353435625825,23.1251794579593,0.5773955091068975,24.6200466446725,1.6685751576733225,0.38166821788422045,0.014679546841700785,1.3309455803142045,0.12722273929474015,2.0502433755575433,2.089388833802078,3.2490730342964405,0.680152336998803,3.4594798723608187,4.261961766373795,12.484954588866518,1.43370240820611,0.18594092666154327,16.445985644985445,20.38255078970154,0.7780159826101416,0.0,9.788811152274139,5.7299164505438736,8.05173144267288,7.119580218224881,0.2666784342908976,7.192977952433385,0.68504551927937,0.46974549893442513,0.02935909368340157,0.0,29.08262888454954,0.04159204938481889,0.37188185332308654,0.9810830472536691,0.37432844446337005
Sector_59,0.0024465911402834642,0.05871818736680314,0.0,0.20551365578381098,0.0342522759639685,0.4966580014775432,0.0,0.29603752797429916,0.24221252288806294,6.632708581308472,0.7462102977864565,0.0,0.8269478054158109,0.0,0.0,0.7070648395419212,0.0,0.019572729122267714,0.0,0.0,0.0,0.1149897835933228,5.1305016211744245,16.29185040314759,1.0765001017247244,0.5284636863012283,22.374075977892282,0.3400761684994015,2.387872952916661,0.7706762091892913,0.48931822805669284,0.019572729122267714,0.8196080319949606,0.168814788679559,1.8838751780182674,1.5951774234648186,0.5137841394595275,0.2177466114852283,3.501071921745637,4.11027311567622,7.679849589349795,0.8832194016423306,0.16147501525870864,23.678109055663366,13.63729901594003,0.753550071207307,0.0,6.025953978518172,2.24597066678022,5.86937214554003,6.525058571135999,0.09786364561133858,4.477261786718739,0.1981738823629606,0.1419022861364409,0.007339773420850393,0.0,0.24955229630891335,2.3193684009887243,0.2617852520103307,0.3694352621828031,0.3572023064813858
Sector_60,0.04159204938481889,0.0,0.0,0.47463868121499203,0.447726178671874,1.3431785360156219,0.0,3.2759855368395585,21.099401993804594,13.028097822009446,1.1083057865484094,0.0,1.9719524590684723,0.0,0.0,2.7426286682577636,0.0,1.534012644957732,0.0,3.055792334214047,0.0,0.3498625330605354,0.33518298621883463,10.711176012161006,0.9615103181314014,1.3823239942601573,14.469140003636408,3.647867390162645,7.437637066461731,1.4483819550478108,1.4679546841700786,0.024465911402834644,3.620954887619527,0.6238807407722833,23.910535213990297,7.995459846446361,2.4490377314237475,0.068504551927937,8.019925757849196,8.225439413633007,16.617247024805287,1.8985547248599681,0.0,22.354503248770012,45.880923653735806,0.0,0.0,12.362625031852344,2.723055939135496,17.644815303724346,2.701036618872944,0.4868716369164094,12.250081839399305,0.6825989281390865,0.6581330167362519,0.07584432534878739,0.0,0.0,0.04648523166538582,3.667440119284913,1.4165762702241258,0.10520341903218895
Sector_61,0.0,0.0024465911402834642,0.0,0.0024465911402834642,0.0,2.201932026255118,0.5676091445457636,0.30337730139514957,0.0,0.21285342920466138,0.1419022861364409,0.0,3.498625330605354,0.0,0.0,2.0942820160826456,12.453148904042832,6.848008601653416,1.4190228613644091,0.0,0.479531863495559,0.8465205345380786,0.06361136964737008,0.3009307102548661,0.0024465911402834642,0.10275682789190549,0.6018614205097322,0.0,14.136403608557856,0.22019320262551179,0.8293943965560944,0.009786364561133857,0.4208136761287558,0.13456251271559055,0.13456251271559055,1.5560319652202832,0.14434887727672438,0.036698867104251964,0.25689206972976375,0.1492420595572913,2.904103683516472,0.3400761684994015,0.08318409876963778,6.226574452021416,0.7266375686641889,2.287562716165039,0.0,1.5560319652202832,0.026912502543118107,4.369611776546267,0.07584432534878739,0.036698867104251964,0.23487274946721257,0.0,0.17615456210040942,0.01712613798198425,0.0,0.0,0.0048931822805669285,0.024465911402834644,32.55434171261177,0.0
Sector_62,0.0,0.03914545824453543,0.0,0.5602693711249133,0.0048931822805669285,1.6196433348676533,0.0,4.768406132412471,0.41836708498847236,5.548868706162897,9.666481595259967,0.0,5.005725473019968,0.0,0.0,0.48931822805669284,0.0,7.410724563918613,0.0,0.0,0.0,3.956137873838362,0.8783262193617636,6.255933545704818,0.35964889762166924,0.8465205345380786,8.952076982297196,1.6636819753927556,14.20980134276636,0.8930057662034644,0.8269478054158109,0.012232955701417322,1.0813932840052911,1.0079955497967872,0.8563068990992124,1.7786717589860783,1.5829444677634013,0.1590284241184252,1.5731581032022675,4.296214042337763,13.111281920779085,1.6098569703065195,0.3547557153411023,48.026584083764405,25.023734182819272,0.2984841191145826,0.0,3.525537833148472,1.74441948302211,3.6698867104251964,3.8435946813853223,0.09052387219048817,3.8484878636658895,0.2764647988520314,0.07829091648907086,0.0024465911402834642,0.0,0.0,0.019572729122267714,0.5700557356860472,0.2324261583269291,11.440260171965479
